INSERT INTO `user` (`user_id`, `uid`, `upw`, `nm`, `pic`, `created_at`, `updated_at`)
VALUES
(1, '사용자1', '$2a$10$y3Tk8lmRwmarg9rNpTTUr.DfneNAQ5BX0JF1BRitVVONleEZvSNDC', '홍길동', '2bb291c1-e57e-4455-98ec-fcc4edb7ae41.jfif', '2024-05-03 14:35:03', '2024-05-22 11:52:13'),
(2, '사용자2', '$2a$10$2sDBU.EEIJIWlk.YyN0OIelrw2Dxf2BTIfGaVcd4wzY5HtCyyggpC', '이민엽기떡볶이', NULL, '2024-05-07 16:41:08', NULL),
(3, '사용자3', '$2a$10$2sDBU.EEIJIWlk.YyN0OIelrw2Dxf2BTIfGaVcd4wzY5HtCyyggpC', '이민엽기떡볶이', NULL, '2024-05-07 16:41:08', NULL),
(4, '사용자4', '$2a$10$2sDBU.EEIJIWlk.YyN0OIelrw2Dxf2BTIfGaVcd4wzY5HtCyyggpC', '이민엽기떡볶이', NULL, '2024-05-07 16:41:08', NULL),
(5, '사용자5', '$2a$10$9eDEq42/PiS9udn6dTGMIen5woU/DYkPj14qBnAT.70EmvKdcRHoK', '제이제이', 'd91451bb-6e7c-419b-bc7e-2cb494f453de.jfif', '2024-05-16 17:10:34', NULL);

INSERT INTO `feed` (`feed_id`, `writer_id`, `contents`, `location`, `created_at`, `updated_at`)
VALUES
(1, 1, '내용1', '장소1', '2024-05-07 10:56:29', NULL),
(2, 2, '내용2', '장소2', '2024-05-07 11:36:19', '2024-05-07 11:38:20'),
(3, 3, '내용3', '장소3', '2024-05-07 11:37:47', NULL),
(4, 4, '내용4', '장소4', '2024-05-07 11:38:52', NULL),
(5, 5, '내용5', '장소5', '2024-05-07 11:39:48', NULL),
(6, 1, '내용6', '장소6', '2024-05-07 12:05:07', NULL),
(7, 2, '내용7', '장소7', '2024-05-07 12:13:06', NULL),
(8, 3, '내용8', '장소8', '2024-05-07 12:15:41', NULL),
(9, 4, '내용9', '장소9', '2024-05-07 12:18:08', NULL),
(10, 5, '내용10', '장소10', '2024-05-07 15:05:02', NULL),
(11, 1, '내용11', '장소11', '2024-05-07 15:05:47', NULL),
(12, 2, '내용12', '장소12', '2024-05-07 15:31:27', NULL),
(13, 3, '내용13', '장소13', '2024-05-07 15:31:27', NULL),
(14, 4, '내용14', '장소14', '2024-05-07 16:41:30', NULL),
(15, 5, '내용15', '장소15', '2024-05-10 11:55:55', NULL),
(16, 1, '내용16', '장소16', '2024-05-13 11:57:17', NULL),
(17, 2, '내용17', '장소17', '2024-05-13 11:57:17', NULL),
(18, 3, '내용18', '장소18', '2024-05-13 11:57:17', NULL),
(19, 4, '내용19', '장소19', '2024-05-17 11:13:08', NULL),
(20, 5, '내용20', '장소20', '2024-05-17 11:45:33', NULL);

INSERT INTO `feed_comment` (`feed_comment_id`, `feed_id`, `user_id`, `COMMENT`, `created_at`, `updated_at`)
VALUES
(1, 11, 1, '댓글내용1', '2024-05-10 11:40:11', NULL),
(2, 12, 2, '댓글내용2', '2024-05-10 11:40:13', NULL),
(3, 13, 3, '댓글내용3', '2024-05-10 11:40:15', NULL),
(4, 14, 4, '댓글내용4', '2024-05-10 11:40:18', NULL),
(5, 15, 5, '댓글내용5', '2024-05-10 11:40:59', NULL),
(6, 16, 1, '댓글내용6', '2024-05-10 11:41:55', NULL),
(7, 17, 2, '댓글내용7', '2024-05-10 11:56:09', NULL),
(8, 18, 3, '댓글내용8', '2024-05-10 11:56:10', NULL),
(9, 19, 4, '댓글내용9', '2024-05-10 12:08:07', NULL),
(10, 20, 5, '댓글내용10', '2024-05-13 11:58:17', NULL);

INSERT INTO `feed_favorite` (`feed_id`, `user_id`, `created_at`)
VALUES
(5, 1, '2024-05-22 11:50:59'),
(7, 3, '2024-05-20 14:31:06'),
(6, 2, '2024-05-09 11:39:31'),
(8, 4, '2024-05-09 11:39:31'),
(9, 5, '2024-05-09 12:38:58'),
(10, 1, '2024-05-09 11:41:54'),
(11, 2, '2024-05-17 12:16:28'),
(12, 3, '2024-05-17 12:24:21'),
(13, 4, '2024-05-17 12:24:22'),
(14, 5, '2024-05-17 12:24:23');

INSERT INTO `feed_pics` (`feed_pic_id`, `feed_id`, `pic`, `created_at`)
VALUES
(1, 2, '2d28c366-5d41-443d-a06f-30748474820b.jpg', '2024-05-07 11:06:20'),
(2, 3, '0bc3ef22-87eb-4ea8-8cfe-bda22ff7f827.jpeg', '2024-05-07 11:06:20'),
(3, 2, 'dd022ddd-5750-4007-acfd-37199115ccf9.jpg', '2024-05-07 11:06:20'),
(4, 3, 'b557af1d-88dc-438b-911f-39848944a436.jfif', '2024-05-07 11:36:19'),
(5, 3, '805b72b5-8be2-4a0b-b9c2-8222d3aed4d7.jfif', '2024-05-07 11:36:19'),
(6, 4, 'ae695268-64da-42ef-a7a4-85d7e21f45c7.jfif', '2024-05-07 11:37:47'),
(7, 4, 'ad432b13-873b-4209-9ce9-7b6d528ceb99.jfif', '2024-05-07 11:37:47'),
(8, 4, '777eed32-ba65-43ce-9061-b72ef8bc46ce.jfif', '2024-05-07 11:37:47'),
(9, 4, 'b0d2baa9-25bb-4c9d-a12e-8b684a0e7859.jfif', '2024-05-07 11:37:47'),
(10, 5, 'dac08705-dbd7-49be-a4bc-058595396778.jfif', '2024-05-07 11:38:52'),
(11, 5, 'c5455d5a-b8af-4b3d-a68a-0e6246774b93.jfif', '2024-05-07 11:38:52'),
(12, 5, '119efd85-21f1-428f-83e3-bd94aaaef06c.jfif', '2024-05-07 11:38:52'),
(13, 5, '9f87abb5-02e5-46b1-9330-c87ba366e270.jfif', '2024-05-07 11:38:52'),
(14, 6, '679e7431-a496-49f3-adce-609ad8502683.jpg', '2024-05-07 11:39:48'),
(15, 6, '44ac8137-c752-48a3-b9d4-f8469fa3eb85.png', '2024-05-07 11:39:48'),
(16, 6, 'ce80cb29-a965-49b1-bb65-17e1c4a39fb0.jpeg', '2024-05-07 11:39:48'),
(17, 7, '5449f207-5d40-4fc7-981f-7e19e4097565.png', '2024-05-07 12:05:07'),
(18, 7, '7af19c5c-57bc-4acc-81e7-b0c9b73f6ae3.jpeg', '2024-05-07 12:05:07'),
(19, 7, '4882d8b2-a462-4cb2-be94-d8b283958f18.jfif', '2024-05-07 12:05:07'),
(20, 8, 'd906b44c-1a38-4f25-b141-1b375469475e.jfif', '2024-05-07 12:13:06'),
(21, 8, '1544381f-ee10-481c-a5f2-6d47403ff5be.jfif', '2024-05-07 12:13:06'),
(22, 9, '8a2c973b-e275-4b1c-9778-8d8a1eef2152.jpg', '2024-05-07 12:15:41'),
(23, 9, '54ae5a97-6da2-4731-ad84-9c9fa4b7ec80.png', '2024-05-07 12:15:41'),
(24, 10, '5e4e55c8-6ff5-444f-8cc9-a803e46f473e.png', '2024-05-07 12:18:08'),
(25, 10, '03241a76-9092-4ba0-a125-f736c1988e86.jpeg', '2024-05-07 12:18:08'),
(26, 10, 'da429d1f-94aa-4a0d-adea-a5e90f0cf7d3.jfif', '2024-05-07 12:18:08'),
(27, 11, '63d3e1f1-0445-4545-ab4c-347c42f18d91.jpg', '2024-05-07 15:05:02'),
(28, 11, '09d2e99f-fe5e-40c3-89a1-9ef1fa398129.png', '2024-05-07 15:05:02'),
(29, 12, 'dc23e11b-100d-4a85-843f-c9312b3eb1d1.jpg', '2024-05-07 15:05:47'),
(30, 13, '8d4b0ced-e559-4652-9b17-32132d5a6ac8.jpg', '2024-05-07 15:31:27'),
(31, 13, 'a257a197-921d-4d6e-aa6e-09cb99614c01.jpeg', '2024-05-07 15:31:27'),
(32, 13, '264af880-3761-48b8-bd5b-16bbec2e06f9.jpg', '2024-05-07 15:31:27'),
(33, 14, 'c31e92ec-021c-4640-955a-a48ecca540c1.gif', '2024-05-07 16:41:30'),
(34, 15, 'dd9e21b3-a378-4567-9004-7bdd8fca96f7.jfif', '2024-05-10 11:55:55'),
(35, 16, '80dc466d-1d28-403b-b786-188c455d6abf.jfif', '2024-05-13 11:57:17'),
(36, 16, 'e8494d1f-fb11-4758-86c9-f3155e69f24d.jfif', '2024-05-13 11:57:17'),
(37, 16, 'fede37a4-d6da-4f62-93fe-2c5d53c6b39a.jfif', '2024-05-13 11:57:17'),
(38, 19, '824db315-4c6a-4553-b06e-a9d18e668807.jpg', '2024-05-17 11:13:08'),
(39, 19, 'd149f166-008b-4d1c-bf30-bc55b493eeff.png', '2024-05-17 11:13:08'),
(40, 19, '6bda2765-564b-4b17-9269-9a55d42bf5eb.jfif', '2024-05-17 11:13:08'),
(41, 20, 'f31b1161-2893-4a73-b9c5-959c5709a66c.jpeg', '2024-05-17 11:45:33');

INSERT INTO `user_follow` (`from_user_id`, `to_user_id`, `created_at`)
VALUES
(1, 2, '2024-05-21 09:57:01'),
(1, 3, '2024-05-21 09:57:02'),
(1, 4, '2024-05-21 09:57:03'),
(1, 5, '2024-05-21 09:57:04'),
(2, 1, '2024-05-21 09:57:05'),
(2, 3, '2024-05-21 09:57:06'),
(2, 4, '2024-05-21 09:57:07'),
(2, 5, '2024-05-21 09:57:08'),
(3, 1, '2024-05-21 09:57:09'),
(3, 2, '2024-05-21 09:57:10'),
(3, 4, '2024-05-21 09:57:11'),
(3, 5, '2024-05-21 09:57:12');